{"stats":{"minecraft:used":{"minecraft:stone_pressure_plate":4,"minecraft:tnt":204,"minecraft:golden_pickaxe":2,"minecraft:grass_block":144},"minecraft:custom":{"minecraft:jump":89,"minecraft:open_chest":1,"minecraft:time_since_rest":14384,"minecraft:leave_game":1,"minecraft:crouch_one_cm":429,"minecraft:walk_on_water_one_cm":343,"minecraft:sprint_one_cm":1955,"minecraft:play_time":14384,"minecraft:damage_taken":90,"minecraft:time_since_death":14384,"minecraft:walk_one_cm":5462,"minecraft:sneak_time":778,"minecraft:total_world_time":14384,"minecraft:walk_under_water_one_cm":527,"minecraft:swim_one_cm":2776,"minecraft:fall_one_cm":3001,"minecraft:fly_one_cm":55588},"minecraft:mined":{"minecraft:netherrack":1},"minecraft:picked_up":{"minecraft:azure_bluet":1,"minecraft:dandelion":2}},"DataVersion":3465}